{
  "R-1": {
    "A": 0.2,
    "B": 0.3,
    "C": 0.5
  },
  "lexqft-case": {
    "X": 0.3333333333333333,
    "Y": 0.3333333333333333,
    "Z": 0.3333333333333333
  },
  "HP-RENORM-1": {
    "U0": 0.4415079437913382,
    "U1": 0.5584920562086618
  },
  "HP-RENORM-2": {
    "U0": 0.4415079437913381,
    "U1": 0.5584920562086618
  }
}