{
  "R-1": {
    "A": 0.2,
    "B": 0.3,
    "C": 0.5
  },
  "lexqft-case": {
    "X": 0.3333333333333333,
    "Y": 0.3333333333333333,
    "Z": 0.3333333333333333
  },
  "HP-RENORM-1": {
    "U0": 0.0020471920077155953,
    "U1": 0.9959056159845686,
    "U2": 0.0020471920077155953
  },
  "HP-RENORM-2": {
    "U0": 0.0020471920077155957,
    "U1": 0.995905615984569,
    "U2": 0.0020471920077155957
  }
}