{
  "R-1": {
    "A": 0.2,
    "B": 0.3,
    "C": 0.5
  },
  "lexqft-case": {
    "X": 0.3333333333333333,
    "Y": 0.3333333333333333,
    "Z": 0.3333333333333333
  },
  "HP-RENORM-1": {
    "U0": 0.12310813227145752,
    "U1": 0.17569200631921697,
    "U2": 0.17569200631921697,
    "U3": 0.14031917083639583,
    "U4": 0.2985787253500567,
    "U5": 0.07914436656090167,
    "U6": 0.0074655923427543736,
    "U7": 3.50977604924711e-41
  },
  "HP-RENORM-2": {
    "U0": 0.12310813227145752,
    "U1": 0.17569200631921697,
    "U2": 0.17569200631921697,
    "U3": 0.14031917083639583,
    "U4": 0.2985787253500567,
    "U5": 0.07914436656090168,
    "U6": 0.0074655923427543736,
    "U7": 3.50977604924711e-41
  }
}