{
  "R-1": {
    "A": 0.2,
    "B": 0.3,
    "C": 0.5
  },
  "lexqft-case": {
    "X": 0.3333333333333333,
    "Y": 0.3333333333333333,
    "Z": 0.3333333333333333
  },
  "HP-RENORM-1": {
    "U0": 0.9850376785947969,
    "U1": 0.007481160702601529,
    "U2": 0.007481160702601529
  },
  "HP-RENORM-2": {
    "U0": 0.985037678594797,
    "U1": 0.0074811607026015305,
    "U2": 0.0074811607026015305
  }
}