{
  "R-1": {
    "A": 0.2,
    "B": 0.3,
    "C": 0.5
  },
  "lexqft-case": {
    "X": 0.3333333333333333,
    "Y": 0.3333333333333333,
    "Z": 0.3333333333333333
  },
  "HP-RENORM-1": {
    "U0": 0.2207421924061767,
    "U1": 0.0,
    "U2": 6.639396253097374e-163,
    "U3": 0.27462965528497785,
    "U4": 0.009256304617690888,
    "U5": 0.2207421924061767,
    "U6": 0.27462965528497785
  },
  "HP-RENORM-2": {
    "U0": 0.2207421924061767,
    "U1": 0.0,
    "U2": 6.639396253097374e-163,
    "U3": 0.27462965528497785,
    "U4": 0.009256304617690888,
    "U5": 0.2207421924061767,
    "U6": 0.27462965528497785
  }
}