{
  "R-1": {
    "A": 0.2,
    "B": 0.3,
    "C": 0.5
  },
  "lexqft-case": {
    "X": 0.3333333333333333,
    "Y": 0.3333333333333333,
    "Z": 0.3333333333333333
  },
  "HP-RENORM-1": {
    "U0": 0.15698352991342526,
    "U1": 0.07270181493127909,
    "U2": 0.24046366165777222,
    "U3": 0.15238305952208142,
    "U4": 0.15238305952208142,
    "U5": 0.15238305952208142,
    "U6": 0.07270181493127909
  },
  "HP-RENORM-2": {
    "U0": 0.1569835299134253,
    "U1": 0.07270181493127909,
    "U2": 0.24046366165777228,
    "U3": 0.15238305952208145,
    "U4": 0.15238305952208145,
    "U5": 0.15238305952208145,
    "U6": 0.07270181493127909
  }
}