{
  "R-1": {
    "A": 0.2,
    "B": 0.3,
    "C": 0.5
  },
  "lexqft-case": {
    "X": 0.3333333333333333,
    "Y": 0.3333333333333333,
    "Z": 0.3333333333333333
  },
  "HP-RENORM-1": {
    "U0": 0.3732804032845894,
    "U1": 8.372212088240708e-19,
    "U2": 0.37247889717372273,
    "U3": 0.14484016379929748,
    "U4": 0.10940030560877693,
    "U5": 2.301336135306861e-07,
    "U6": 8.372212088240708e-19,
    "U7": 8.372212088240708e-19
  },
  "HP-RENORM-2": {
    "U0": 0.3732804032845894,
    "U1": 8.372212088240709e-19,
    "U2": 0.37247889717372273,
    "U3": 0.14484016379929748,
    "U4": 0.10940030560877693,
    "U5": 2.3013361353068614e-07,
    "U6": 8.372212088240709e-19,
    "U7": 8.372212088240709e-19
  }
}