{
  "R-1": {
    "A": 0.2,
    "B": 0.3,
    "C": 0.5
  },
  "lexqft-case": {
    "X": 0.3333333333333333,
    "Y": 0.3333333333333333,
    "Z": 0.3333333333333333
  },
  "HP-RENORM-1": {
    "U0": 0.30709214468553403,
    "U1": 4.935711219441972e-48,
    "U2": 0.17132612548779386,
    "U3": 0.2894263152937942,
    "U4": 0.19909188035759895,
    "U5": 0.03306353417527901
  },
  "HP-RENORM-2": {
    "U0": 0.30709214468553403,
    "U1": 4.935711219441971e-48,
    "U2": 0.17132612548779386,
    "U3": 0.2894263152937942,
    "U4": 0.19909188035759892,
    "U5": 0.03306353417527901
  }
}