{
  "R-1": {
    "A": 0.2,
    "B": 0.3,
    "C": 0.5
  },
  "lexqft-case": {
    "X": 0.3333333333333333,
    "Y": 0.3333333333333333,
    "Z": 0.3333333333333333
  },
  "HP-RENORM-1": {
    "U0": 0.03285562117079074,
    "U1": 0.13047899290326131,
    "U2": 0.004160608919037619,
    "U3": 7.259404532979155e-267,
    "U4": 0.492063534863515,
    "U5": 0.004160608919037619,
    "U6": 0.20580164032109635,
    "U7": 0.13047899290326131
  },
  "HP-RENORM-2": {
    "U0": 0.03285562117079074,
    "U1": 0.13047899290326131,
    "U2": 0.00416060891903762,
    "U3": 7.259404532979154e-267,
    "U4": 0.492063534863515,
    "U5": 0.00416060891903762,
    "U6": 0.20580164032109635,
    "U7": 0.13047899290326131
  }
}