{
  "R-1": {
    "A": 0.2,
    "B": 0.3,
    "C": 0.5
  },
  "lexqft-case": {
    "X": 0.3333333333333333,
    "Y": 0.3333333333333333,
    "Z": 0.3333333333333333
  },
  "HP-RENORM-1": {
    "U0": 0.805754639127087,
    "U1": 0.08321306170021334,
    "U2": 0.08321306170021334,
    "U3": 0.027819237472486245
  },
  "HP-RENORM-2": {
    "U0": 0.805754639127087,
    "U1": 0.08321306170021334,
    "U2": 0.08321306170021334,
    "U3": 0.027819237472486245
  }
}