{
  "R-1": {
    "A": 0.2,
    "B": 0.3,
    "C": 0.5
  },
  "lexqft-case": {
    "X": 0.3333333333333333,
    "Y": 0.3333333333333333,
    "Z": 0.3333333333333333
  },
  "HP-RENORM-1": {
    "U0": 0.25230099068806316,
    "U1": 0.19409457186359058,
    "U2": 0.0,
    "U3": 0.25230099068806316,
    "U4": 0.1506517233801416,
    "U5": 0.0,
    "U6": 0.1506517233801416,
    "U7": 1.3235468627405685e-215
  },
  "HP-RENORM-2": {
    "U0": 0.25230099068806316,
    "U1": 0.19409457186359055,
    "U2": 0.0,
    "U3": 0.25230099068806316,
    "U4": 0.15065172338014154,
    "U5": 0.0,
    "U6": 0.15065172338014154,
    "U7": 1.3235468627405682e-215
  }
}