{
  "R-1": {
    "A": 0.2,
    "B": 0.3,
    "C": 0.5
  },
  "lexqft-case": {
    "X": 0.3333333333333333,
    "Y": 0.3333333333333333,
    "Z": 0.3333333333333333
  },
  "HP-RENORM-1": {
    "U0": 0.7226295816415191,
    "U1": 0.27737041835848086
  },
  "HP-RENORM-2": {
    "U0": 0.7226295816415191,
    "U1": 0.27737041835848086
  }
}