{
  "R-1": {
    "A": 0.2,
    "B": 0.3,
    "C": 0.5
  },
  "lexqft-case": {
    "X": 0.3333333333333333,
    "Y": 0.3333333333333333,
    "Z": 0.3333333333333333
  },
  "HP-RENORM-1": {
    "U0": 0.005941567475904357,
    "U1": 0.2114956775981616,
    "U2": 0.2114956775981616,
    "U3": 0.2114956775981616,
    "U4": 0.35957139972961083
  },
  "HP-RENORM-2": {
    "U0": 0.005941567475904357,
    "U1": 0.21149567759816162,
    "U2": 0.21149567759816162,
    "U3": 0.21149567759816162,
    "U4": 0.3595713997296109
  }
}