{
  "R-1": {
    "A": 0.2,
    "B": 0.3,
    "C": 0.5
  },
  "lexqft-case": {
    "X": 0.3333333333333333,
    "Y": 0.3333333333333333,
    "Z": 0.3333333333333333
  },
  "HP-RENORM-1": {
    "U0": 0.2513493549371067,
    "U1": 0.28500187092907747,
    "U2": 0.4636487741239668,
    "U3": 4.924615924443927e-12,
    "U4": 4.924615924443927e-12
  },
  "HP-RENORM-2": {
    "U0": 0.25134935493710664,
    "U1": 0.2850018709290774,
    "U2": 0.46364877412396677,
    "U3": 4.924615924443927e-12,
    "U4": 4.924615924443927e-12
  }
}