{
  "R-1": {
    "A": 0.2,
    "B": 0.3,
    "C": 0.5
  },
  "lexqft-case": {
    "X": 0.3333333333333333,
    "Y": 0.3333333333333333,
    "Z": 0.3333333333333333
  },
  "HP-RENORM-1": {
    "U0": 0.08851541476020872,
    "U1": 9.434041661005327e-94,
    "U2": 0.17600535001976308,
    "U3": 0.08851541476020872,
    "U4": 0.08851541476020872,
    "U5": 0.21192730148581357,
    "U6": 0.08851541476020872,
    "U7": 0.2580056894535884
  },
  "HP-RENORM-2": {
    "U0": 0.08851541476020872,
    "U1": 9.434041661005328e-94,
    "U2": 0.1760053500197631,
    "U3": 0.08851541476020872,
    "U4": 0.08851541476020872,
    "U5": 0.2119273014858136,
    "U6": 0.08851541476020872,
    "U7": 0.2580056894535884
  }
}