{
  "R-1": {
    "A": 0.2,
    "B": 0.3,
    "C": 0.5
  },
  "lexqft-case": {
    "X": 0.3333333333333333,
    "Y": 0.3333333333333333,
    "Z": 0.3333333333333333
  },
  "HP-RENORM-1": {
    "U0": 0.24993455589277094,
    "U1": 0.36998488673707197,
    "U2": 0.0017521411842544474,
    "U3": 0.008343529448830702,
    "U4": 0.36998488673707197
  },
  "HP-RENORM-2": {
    "U0": 0.24993455589277097,
    "U1": 0.36998488673707197,
    "U2": 0.0017521411842544477,
    "U3": 0.008343529448830704,
    "U4": 0.36998488673707197
  }
}